作品名,アイテムカテゴリ,アイテム名,フレーバーテキスト
"デモンズソウル","その他","フロムソフト フレーバーテキスト",""
"デモンズソウル","その他","トップページ",""
"デモンズソウル","その他","ページ一覧",""
"デモンズソウル","その他","メンバー",""
"デモンズソウル","その他","編集",""
"デモンズソウル","その他","sikido",""
"デモンズソウル","その他","履歴",""
"デモンズソウル","その他","このページを編集する",""
"デモンズソウル","その他","このページを元に新規ページを作成",""
"デモンズソウル","その他","添付する",""
"デモンズソウル","その他","添付ファイル一覧（0）",""
"デモンズソウル","その他","印刷する",""
"デモンズソウル","その他","コメント（0）",""
"デモンズソウル","その他","ゲーム",""
"デモンズソウル","その他","総合",""
"デモンズソウル","その他","ログインする",""
"デモンズソウル","その他","トップページ",""
"デモンズソウル","その他","テンプレート",""
"デモンズソウル","その他","テンプレート2",""
"デモンズソウル","その他","短剣",""
"デモンズソウル","その他","直剣",""
"デモンズソウル","その他","大剣",""
"デモンズソウル","その他","特大剣",""
"デモンズソウル","その他","曲剣",""
"デモンズソウル","その他","刀",""
"デモンズソウル","その他","刺剣",""
"デモンズソウル","その他","槍",""
"デモンズソウル","その他","斧",""
"デモンズソウル","その他","大斧",""
"デモンズソウル","その他","槌",""
"デモンズソウル","その他","大槌",""
"デモンズソウル","その他","格闘武器",""
"デモンズソウル","その他","竿状武器",""
"デモンズソウル","その他","弓・弩",""
"デモンズソウル","その他","盾",""
"デモンズソウル","その他","大盾",""
"デモンズソウル","その他","触媒",""
"デモンズソウル","その他","タリスマン",""
"デモンズソウル","その他","デーモン武器",""
"デモンズソウル","その他","防具セット一覧",""
"デモンズソウル","その他","ユニーク防具",""
"デモンズソウル","その他","指輪",""
"デモンズソウル","その他","魔法",""
"デモンズソウル","その他","奇跡",""
"デモンズソウル","その他","アイテム",""
"デモンズソウル","その他","消耗品",""
"デモンズソウル","その他","投擲アイテム",""
"デモンズソウル","その他","ソウル",""
"デモンズソウル","その他","デモンズソウル",""
"デモンズソウル","その他","強化素材",""
"デモンズソウル","その他","貴重品",""
"デモンズソウル","その他","矢・ボルト",""
"デモンズソウル","その他","その他",""
"デモンズソウル","その他","短剣",""
"デモンズソウル","その他","直剣",""
"デモンズソウル","その他","大剣",""
"デモンズソウル","その他","特大剣",""
"デモンズソウル","その他","曲剣",""
"デモンズソウル","その他","大曲剣",""
"デモンズソウル","その他","刀",""
"デモンズソウル","その他","刺剣",""
"デモンズソウル","その他","斧",""
"デモンズソウル","その他","大斧",""
"デモンズソウル","その他","槍",""
"デモンズソウル","その他","斧槍",""
"デモンズソウル","その他","槌",""
"デモンズソウル","その他","大槌",""
"デモンズソウル","その他","拳",""
"デモンズソウル","その他","ムチ",""
"デモンズソウル","その他","弓",""
"デモンズソウル","その他","クロスボウ",""
"デモンズソウル","その他","小盾",""
"デモンズソウル","その他","盾",""
"デモンズソウル","その他","大盾",""
"デモンズソウル","その他","杖",""
"デモンズソウル","その他","呪術の火",""
"デモンズソウル","その他","タリスマン",""
"デモンズソウル","その他","その他",""
"デモンズソウル","その他","防具セット一覧",""
"デモンズソウル","その他","ユニーク装備",""
"デモンズソウル","その他","指輪",""
"ダークソウル1","その他","消耗品","不死人の宝たる鈍い緑ガラスの瓶篝火でエストを溜め、飲んでＨＰを回復する篝火の守り手、火防女と深い関わりがあるようで暗い伝承にはこんな一説がある　火防女の魂から、その緑瓶は生まれる　彼女たちは、生きて篝火を守り　死してなお、その熱を守り続けるのだ\n\n---\n\n霊廟の守人、エリザベスの秘薬大型の菌類の類だろうか口にすれば肉体を鼓舞し、高揚させ一定時間、ＨＰを大きく回復し続けるその強い効果は、戦士の切り札ともなるだろう\n\n---\n\n女神グウィネヴィアの祝福の聖水ＨＰを全回復し、異常を癒す太陽の光の女神として知られるグウィネヴィアは偉大なる太陽の光の王グウィンの娘であり豊穣と恵みの象徴として、ひろく人々に愛されている\n\n---\n\n大輪の花のような緑の草一時的に、スタミナの回復速度を上げる独特の苦味と刺激に特徴のある草本その効果により大量に栽培されることもあるが本来は水辺に自生する一年草である\n\n---\n\n薬効のある赤色の苔玉出血の蓄積を減らす出血は、鋭い刃やトゲの攻撃により蓄積し発生すると大きなダメージとなるそうなる前に、この苔玉を使うとよい\n\n---\n\n薬効のある紫色の苔玉毒の蓄積を減らし、毒状態を解除する毒は体に蓄積し、発生すると毒状態となりしばらくの間ダメージを与え続ける毒は非常に厄介でありそれが予想される場所に向かうのならばこの苔玉を用意しておいて損はない\n\n---\n\n強い薬効のある花付きの苔玉毒や猛毒の蓄積を減らし、状態を解除する猛毒は毒の一種であるがその効果は強く、すぐに死を招く花無しは猛毒にまったく無力でありこの花苔玉の有無が生死を分けることも多い\n\n---\n\n半ば頭骨が溶け込んだ灰色の石カリム伯アルスターの秘宝の１つ呪いの蓄積を減らし、呪死状態を解除する人は呪いに対し無力でありそれを逸らすことしかできない解呪石もまた、呪いを逸らす先でしかなくそれは人、ないし人だった何かなのだろう\n\n---\n\n苦すっぱいドングリ体に寄生したたまごを取り除くたまご背負いとは自ら進んで混沌の炎に仕えんとする者たちでありたまごはその象徴である故にこのドングリは禁断の実ですらあるが何処にも、禁忌が許される理由はあるものだ\n\n---\n\n弱い魔力を帯びた金属粉右手の武器を修理する武器は使用により耐久度が落ちていき一定値以下になるとその効果は大きく落ちる修理箱を必要としないこの粉は戦場で武器を修理できる貴重な手段となる"
"ダークソウル1","その他","投擲アイテム","投擲用のナイフ敵に投げつける弓などに比べ飛距離は短く、精度も低いが簡単に間接攻撃ができるアイテムこれ以外に間接攻撃手段がないようであれば備えとして持っておくのもよいだろう\n\n---\n\n投擲用のナイフ刃に毒が塗られており、敵に投げつける弓などに比べ飛距離は短く、精度も低いが簡単に間接攻撃ができるアイテム敵を毒状態にすることができればしばらくダメージを与え続けることができる\n\n---\n\n火薬の詰められた素焼きの壷爆発して炎ダメージを与える比較的威力の大きい間接攻撃でありまた炎ダメージが有効な場面もあるため特に低レベルでは貴重なアイテムであるこれを愛用し、戦術に組み込む戦士も多い\n\n---\n\n火薬の詰められた黒い素焼きの壷爆発して炎ダメージを与える威力の大きい間接攻撃でありまた炎ダメージが有効な場面もあるため特に低レベルでは貴重なアイテムである特に黒い火炎壷は、通常のものより威力が大きい\n\n---\n\nわずかなソウルが残った頭蓋骨投げつけることでそのソウルをばら撒き一部の敵を誘い寄せるソウルとは生命の象徴でありそれに餓えた亡者などを誘い寄せるがすべての敵に有効なわけではない\n\n---\n\n主神ロイドの騎士が不死人を狩るときの道具効果範囲内でエストによる回復をできなくする人の世界では、不死人は呪われた化け物であり不死を狩るロイドの騎士は英雄ですらあるその英雄は、この祝福された護符により不死の回復だけを封じ、正々堂々と戦うのだ\n\n---\n\n瑞々しい排泄物。大便敵に投げつけ、猛毒を蓄積していくが自分にも猛毒が蓄積していく臭いも強く、あまり持ち歩きたくない類だが敵を猛毒状態にすることができればしばらく大ダメージを与え続けることができる\n\n---\n\nユーザIDを使用しないで書き込む\n\n---\n\n画像に記載されている文字を下のフォームに入力してください。\n\n---\n\n利用規約をご確認のうえご記入下さい"
"ダークソウル1","その他","ソウル","火防女の魂(灰色の聖女)\n\n---\n\n火防女の魂(暗月の女騎士)\n\n---\n\n火防女の魂(混沌の娘)\n\n---\n\n故も知らぬ不死のソウル\n\n---\n\n故も知らぬ不死の大きなソウル\n\n---\n\n名も無き戦士の大きなソウル\n\n---\n\n高名な騎士の大きなソウル\n\n---\n\n勇敢な勇者の大きなソウル\n\n---\n\n薪の王グウィンのソウル\n\n---\n\n深淵の主マヌスのソウル"
"ダークソウル1","その他","ツール","黒い瞳のオーブ(火防女)\n\n---\n\n黒い瞳のオーブ(シバ)※未実装\n\n---\n\n火防女の死体に残っていた神秘のオーブ彼女を殺した者の世界に侵入しその世界の主を倒すことができれば火防女の魂を取り戻せるだろう黒い瞳はじっとアノール・ロンドを見つめている\n\n---\n\n裏切り者シバの残した神秘のオーブシバの世界に侵入し、彼を倒すことができれば奪われた「混沌の刃」を取り戻せるだろうだが黒い瞳は焦点を失い、不安げに蠢いている裏切り者はどこにいるのだろうか…\n\n---\n\n呪われた不死人の証このリングが現れた者は、死んでも蘇りやがて心をなくした亡者となるリングはまた自死の力を持ち使用者は人間性とソウルをすべて失い最後に休息した篝火に戻る\n\n---\n\n騎士アルトリウスの紋章が刻まれた銀のペンダントアノール・ロンドの古い宝具の１つであり深淵に挑む彼に特別に贈られたもの使用により深淵の闇特に魔法の類を避ける効果がある\n\n---\n\n真鍮でできた双眼の遠眼鏡遠くの景色が大きく見えるアストラの名工の手になる、非常に進んだ道具できることは単純だが、使い方はいろいろあり持つ者によってその価値は大きく変わる\n\n---\n\n朽ちぬ古竜の力を宿した石古竜に祈り、近づこうとする超越者たちの秘儀人頭を竜のそれとし、竜のブレスを吐く超越者の目指すものは、生命の超越でありそのために古竜の完全な似姿を得ることであるこの秘儀はその入口にすぎないがその変態効果は死ぬまで解けることはない\n\n---\n\n囚われのゴーが彫り続ける古木の人面彼はこれに感情を僅かずつ移し、悟りに近づいていく人面は刺激により声を発しその内容は移された感情により異なる…この人面は「こんにちは」のようだそう思えば親しげな顔にも見える\n\n---\n\nユーザIDを使用しないで書き込む"
"ダークソウル1","その他","強化素材","武器を強化する楔石の欠片そのもっともありふれたもの通常の武器を＋５まで強化する楔石の欠片は神の持つ原盤から剥がれた薄片であるといわれ武器に刻み込むことでその武器を強化する\n\n---\n\n武器を強化する青楔石の原盤伝承では神が持つとされていたもの魔法の武器を＋１０に強化し魔力の武器を＋５に強化する原盤は、名も無き鍛治の神の遺物であり選ばれた神の武器を鍛えるためのものであるこれによって鍛えられた武器は数少ない伝説の武器に並び称されるだろう\n\n---\n\n武器を強化する白楔石の原盤伝承では神が持つとされていたもの神聖の武器を＋１０に強化し邪教の武器を＋５に強化する原盤は、名も無き鍛治の神の遺物であり選ばれた神の武器を鍛えるためのものであるこれによって鍛えられた武器は数少ない伝説の武器に並び称されるだろう\n\n---\n\n武器を強化する赤楔石の原盤伝承では神が持つとされていたもの炎の武器を＋１０に強化し混沌の武器を＋５に強化する原盤は、名も無き鍛治の神の遺物であり選ばれた神の武器を鍛えるためのものであるこれによって鍛えられた武器は数少ない伝説の武器に並び称されるだろう\n\n---\n\n竜の体から生まれるというドラゴンウェポンを強化するウロコ竜のウロコは古竜の体の一部であり古竜の永遠を求める超越者たちが世界の垣根を超え探し求めているという\n\n---\n\n顔の無い石の魔物楔のデーモンから奪える特別な楔石特別なソウルから生まれた武器を＋５まで強化する名も無き鍛治の神が死して後幾つかの原盤から魔物が生まれたそれらはいまだ楔の力を帯びロードランの地をさまよっている\n\n---\n\nユーザIDを使用しないで書き込む\n\n---\n\n画像に記載されている文字を下のフォームに入力してください。\n\n---\n\n利用規約をご確認のうえご記入下さい\n\n---\n\nフロムソフト フレーバーテキスト\nフロム・ソフトのフレーバーテキストをまとめる場所"
"ダークソウル1","その他","マルチプレイ専用","ひび割れた赤い瞳のオーブ\n\n---\n\nオンラインプレイ専用アイテム召喚サインを書くサインから他世界に霊体として召喚され召喚されたエリアの主を倒すことができれば人間性を得ることができる（召喚は亡者では行えない）時の流れの淀んだロードランの地で不死人たちがお互い助け合うための手段\n\n---\n\n不死となった追放者に与えられる黒水晶は古くより、決別の証であり召喚した霊体を元の世界に戻し召喚された他世界から元の世界に戻ることができるだが、出会いを大切に思うのであれば軽々しくこれを使用するべきではない\n\n---\n\n罪の女神ベルカの司祭が売っている符他世界からの侵入者に殺されたときその侵入者の罪を告発する告発された者は罪人録に載りいつか暗月の刃に倒れるだろう\n\n---\n\nユーザIDを使用しないで書き込む\n\n---\n\n画像に記載されている文字を下のフォームに入力してください。\n\n---\n\n利用規約をご確認のうえご記入下さい\n\n---\n\nフロムソフト フレーバーテキスト\nフロム・ソフトのフレーバーテキストをまとめる場所\n\n---\n\nDSRマルチプレイ専用\n\n---\n\n白いサインろう石（英名：White Sign Soapstone）"
"ダークソウル1","その他","誓約アイテム","オンラインプレイ専用アイテム他の世界から霊体を誘い込む（誓約者のみが使用でき、亡者では使用できない）禍々しい「死の瞳」は、他の世界に災厄をばら撒き犠牲者となる霊体を誘い込むための手段である犠牲者は「死の瞳」を生み、災厄は更に広がるのだ\n\n---\n\n血が抜けて縮んだ耳倒れた罪人から切り取られたもの暗月の剣の騎士たちは、神々の敵たる罪人を誅しその証としてこれを持ち帰る耳のない罪人の死体は恐怖の対象となる人々は復讐の刃を知り、もって神々を敬うだろうそれが、陰の太陽の永の使命なのだ\n\n---\n\n太陽のホーリーシンボルが刻まれたメダル太陽の戦士を召喚し、目的を達成した皆に贈られるわずかに熱を帯びた、なによりの名誉の証シンボルの主、太陽の光の長子はすべての記録と共に神を追われて久しいがいまだ戦神として、戦士たちを見守っている\n\n---\n\nユーザIDを使用しないで書き込む\n\n---\n\n画像に記載されている文字を下のフォームに入力してください。\n\n---\n\n利用規約をご確認のうえご記入下さい\n\n---\n\nフロムソフト フレーバーテキスト\nフロム・ソフトのフレーバーテキストをまとめる場所\n\n---\n\nDSR誓約アイテム\n\n---\n\n死の瞳（英名：Eye of Death）\n\n---\n\n古竜の瞳（英名：Dragon Eye）"
"ダークソウル1","その他","貴重品","王のソウル(墓王ニト)\n\n---\n\n王のソウル(混沌の苗床)\n\n---\n\n分け与えられた王のソウル(四人の公王)\n\n---\n\nリフト部屋の鍵※未実装\n\n---\n\n武器を進化させるために必要な種火大きな種火は中でも上質なものでありアストラの鍛冶屋が扱う＋５の通常武器を進化させ＋１０まで強化できるようにするまた、＋５の通常武器を粗製武器に進化させる（粗製武器は＋５まで強化できる）\n\n---\n\n注ぎ火にて、さらに大きく篝火を育てより多くのエストを得るための秘儀聖職の伝承に秘密として伝わるが儀式自体はすべての不死人が行えるしかし人は、不死となりはじめて人間性の「使い途」を得るものなのか\n\n---\n\n楔石を刻み込み武器を強化するための道具篝火で休息するときに武器を強化できるようになる\n\n---\n\n楔石を刻み込み防具を強化するための道具篝火で休息するときに防具を強化できるようになる\n\n---\n\n専用の臼により修理の光粉を挽き武器、防具を修理するための道具篝火で休息するときに武器、防具を修理できるようになるただしこの光粉は長持ちせず持ち歩くことはできない\n\n---\n\n底の抜けた不思議な木箱貪欲者の烙印とも呼ばれるようだがその由来は分からないいくらでもアイテムを入れることができ篝火で休息するときに、自由に出し入れできる"
"ダークソウル1","その他","矢・ボルト","標準的な矢威力、飛距離共に見るべきところはないが単価が安く、大量使用に適する\n\n---\n\n標準的な矢何らかの矢を装備しないと弓を撃つことはできない\n\n---\n\n大型の矢重く威力も高いが、飛距離は短くなる\n\n---\n\n王の狩人が用いる赤羽の矢飛距離が長く、遠距離からの狙撃に適する\n\n---\n\n矢じりに火をつけて撃つ矢炎属性のダメージを与える\n\n---\n\n矢じりに毒を塗った矢狩りや暗殺の確実性を高めるためのもの敵が毒状態になったら、あとは待てばよいのだ\n\n---\n\nグウィン王の末子にして、陰の太陽グウィンドリンの誓約者に与えられる魔法の矢その矢は銀の光を帯び、魔法ダメージを与える\n\n---\n\n竜狩りの大弓専用の、鉄槍のように巨大な矢「鷹の目」ゴーの率いた竜狩り隊のもので人のごときは簡単に貫いてしまうこの大矢は竜狩りの大弓でしか使えずまた、竜狩りの大弓はこの大矢しか使えない\n\n---\n\nグウィン王の四騎士の一人「鷹の目」ゴーの用いた竜狩りの大矢大弓専用石の矢じりも、きつく巻かれた樹皮もすべてゴー自身の手になるものである\n\n---\n\n木製の簡易なボルト威力、飛距離共に見るべきところはないが単価が安く、大量使用に適する"
"ダークソウル1","その他","その他","何の効果もないただのペンダントだが辛い旅にはむしろあたたかい思い出が必要なのだ\n\n---\n\n何の価値もないゴミクズ何を考えてこんなものを持ち歩いているのか常人であれば理解に苦しむだろう\n\n---\n\n銅で作られた硬貨中央は酒と薬の神、マクロイフ親父の横顔である人の世界ではそれなりに価値のある銅貨もソウルが貨幣のロードランではあまり意味がないそれでもそれを捨てられないのはいつか人の世界に帰る希望からだろうか\n\n---\n\n銀で作られた硬貨中央は伝説の騎士王レンドルの肖像である人の世界では価値の高い銀貨もソウルが貨幣のロードランではあまり意味がないそれでもそれを捨てられないのはいつか人の世界に帰る希望からだろうか\n\n---\n\n金で作られた硬貨中央は主神ロイドと彼の白い光輪である人の世界ではきわめて価値の高い金貨もソウルが貨幣のロードランではあまり意味がないそれでもそれを捨てられないのはいつか人の世界に帰る希望からだろうか\n\n---\n\nユーザIDを使用しないで書き込む\n\n---\n\n画像に記載されている文字を下のフォームに入力してください。\n\n---\n\n利用規約をご確認のうえご記入下さい\n\n---\n\nフロムソフト フレーバーテキスト\nフロム・ソフトのフレーバーテキストをまとめる場所\n\n---\n\nDSRアイテム_その他"
"ダークソウル1","その他","短剣","標準的な短剣刃による攻撃に主眼をおいた斬撃武器は柔らかな表皮に大きな威力を発揮する一方で金属鎧、硬いウロコなどには効果が低いまた短剣は、パリィ後あるいは背後からの近接刺突攻撃の効果が高い\n\n---\n\n用途の広い片刃の短剣王に飼われた隠密たちの装備刃による攻撃に主眼をおいた斬撃武器は柔らかな表皮に大きな威力を発揮する一方で金属鎧、硬いウロコなどには効果が低いまた短剣は、パリィ後あるいは背後からの近接刺突攻撃の効果が高い\n\n---\n\nパリィに特化した短剣左手装備が基本密室に篭り、ソウルの業を奉じる秘匿者たちの武器彼女らは盾ではなく、この特殊短剣を好んで使用する\n\n---\n\n疫病源の仕込まれた短剣刃が爪のように湾曲している女あるいは子供による暗殺に多用された特殊な武器の中でも、特に禍々しいもののひとつ\n\n---\n\nユーザIDを使用しないで書き込む\n\n---\n\n画像に記載されている文字を下のフォームに入力してください。\n\n---\n\n利用規約をご確認のうえご記入下さい\n\n---\n\nフロムソフト フレーバーテキスト\nフロム・ソフトのフレーバーテキストをまとめる場所\n\n---\n\nDemon's短剣\n\n---\n\nダガー（英名：Dagger） \n\n説明文英文画像標準的な短剣刃による攻撃に主眼をおいた斬撃武器は柔らかな表皮に大きな威力を発揮する一方で金属鎧、硬いウロコなどには効果が低いまた短剣は、パリィ後あるいは背後からの近接刺突攻撃の効果が高いA standard dagger.A slashing weapon that inflicts heavy damage on soft flesh but has a limited effect on metal armor and hard scales.  Daggers are very effective after parrying, as well as in close-range stabs from behind."
"ダークソウル1","その他","直剣","小型の直剣直剣は、もっとも標準的かつ汎用性の高い武器であり多くの対象に安定した効果を発揮する攻撃属性「標準」と共に威力の高い刺突攻撃をあわせもっている\n\n---\n\n標準的な直剣直剣は、もっとも標準的かつ汎用性の高い武器であり多くの対象に安定した効果を発揮する攻撃属性「標準」と共に威力の高い刺突攻撃をあわせもっている\n\n---\n\nボーレタリア騎士の直剣王による叙任の証ストーンファングの硬鉄を使用し標準的な直剣よりも重く、威力も高い\n\n---\n\n斬ることを目的とした、幅広の直剣刃による攻撃に主眼をおいた斬撃武器は柔らかな表皮に大きな威力を発揮する一方で金属鎧、硬いウロコなどには効果が低いが刺突攻撃がその欠点を補っている\n\n---\n\n呪術儀式用の小型直剣刀身に古いルーンがびっしりと刻まれている古い呪術儀式の触媒であり使用者は、魔法の効果が大きくなるが魔法により受けるダメージも大きくなる\n\n---\n\n繊細な意匠を施された黄金の剣物理攻撃力は無いに等しいが、強く魔法的に強化されておりまた、使用者を魔法攻撃から守る対となるルーンシールドとともに、伝承に語られる英雄の武器\n\n---\n\nボーレタリアの英雄の一人つらぬきの騎士の使用した、長大な直剣その名の通り、特に刺突攻撃で高い威力を発揮する直剣としては規格外の大きさであるため使用には高い筋力と技量が必要となる\n\n---\n\n刃の折れた直剣全体に錆び、血肉がこびりついており切れ味は無いに等しい\n\n---\n\nユーザIDを使用しないで書き込む\n\n---\n\n画像に記載されている文字を下のフォームに入力してください。"
"ダークソウル1","その他","大剣","標準的な大剣直剣と同様に汎用性の高い武器であるが重量が大きく、両手使用が基本となるまた、叩きつけるような縦方向の攻撃は対象のスタミナを大きく奪い、盾受けを崩しやすい\n\n---\n\n大型の大剣直剣と同様に汎用性の高い武器であるが重量が大きく、両手使用が基本となるまた、叩きつけるような縦方向の攻撃は対象のスタミナを大きく奪い、盾受けを崩しやすい\n\n---\n\n波打った刃を持つ特殊な大剣形状が炎に似ているため、この名がついているがその刃は肉を引き裂き、大量の出血を強いるためのものであり特に殺傷能力の高い武器として知られている\n\n---\n\n月明かりを映す伝説の大剣月光の騎士ビトーの名と供に広く知られる現存する、数少ない神の啓示物のひとつ青いクリスタルの刃はただ光にすぎず故に盾などで防ぐことはできない\n\n---\n\n螺旋棘の刀身を持つ伝説の大剣嵐を鎮めるもの、あるいは支配するものの名を持ちかつて影人の祖が、大空の雲と嵐を裂いたといわれる今や打ち捨てられ、その力の大半は失われ敵を吹き飛ばす様に残滓を確認できる程度だが祖霊の眠る地、刻文石柱の林であればかつての空を裂く力に見えることもあるだろう\n\n---\n\nユーザIDを使用しないで書き込む\n\n---\n\n画像に記載されている文字を下のフォームに入力してください。\n\n---\n\n利用規約をご確認のうえご記入下さい\n\n---\n\nフロムソフト フレーバーテキスト\nフロム・ソフトのフレーバーテキストをまとめる場所\n\n---\n\nDemon's大剣"
"ダークソウル3","その他","消耗品","花付き緑花草（シーリス）\n\n---\n\n幼い白枝（おくりもの）\n\n---\n\n鈍い緑色のガラス瓶不死人の宝篝火でエストを溜め、飲んでＨＰを回復する古くより、不死の旅は篝火を巡りエスト瓶はいつも旅と共にあった\n\n---\n\n鈍い灰色のガラス瓶火の無い灰の宝篝火でエストを溜め、飲んでＦＰを回復する篝火の熱を、冷たく変える灰瓶は火の無い灰にこそ相応しいだろう\n\n---\n\n英雄たちの内にある残り火火の無き灰たちが終に得られず故に惹かれるもの死ぬまで火の力を得、最大ＨＰを増やすまた、火の力を得た者にはサインが見え残り火に惹かれる協力者を召喚できるだが同時に、侵入者の影も付き纏うだろう\n\n---\n\nエストの染み付いた破片祭祀場の鍛冶屋に渡すことでエスト瓶の使用回数を増やす古来エスト瓶は不死と共にありこれは砕かれた希望なのだろう\n\n---\n\nまだ燃え尽きていない、不死人の遺骨祭祀場の篝火にくべ、エストの回復量を高める篝火の薪は不死人の骨でありまだ燃え尽きぬそれは新しい薪になる死を糧とするのなら、死に祈ることだ\n\n---\n\nロスリックの王妃が祝福したとされる聖水ＨＰを完全に回復し、全ての異常を癒す彼女は先王オスロエスの妻であり豊穣と恵みの女神にすら例えられたが末子オセロットを産んで後、姿を消したという\n\n---\n\nカタリナのジークバルト謹製の酒樽のジョッキに満たされた旅用の品ＨＰを回復し、一時的に冷気耐性も高める本来、不死人が酒を楽しめるはずもなくジークバルトは何らかの工夫を凝らしたのだろう不死の時はあまりに長く、酒と謳歌が欲しいのだ\n\n---\n\n弱い魔力を帯びた金属粉装備している武器、防具を修理する耐久度ゼロの武器は対象とならない武器や防具は使い続けると耐久度が下がりこれがゼロになると壊れてしまう壊れていなければ、耐久度は篝火で回復するが念のため、旅先での修理手段を用意しておくとよい"
"ダークソウル3","その他","投擲アイテム","投擲用の小型ナイフ敵に投げつけ、ダメージを与える多くのアイテムは使い手を選び熟練の使い手は、その威力をさらに高める力を得るとは、いつでもそういうことだ\n\n---\n\n毒の塗られた投擲用ナイフ敵に投げつけ、毒を伴うダメージを与える亡者の国ロンドールの刺客たちの武器その毒は亡者の血であると揶揄される\n\n---\n\n投擲用の小型湾刀敵に投げつけ、出血を伴うダメージを与えるカーサスの剣士たちが用いた独特の武器だがいまや盗賊や盗人の類が好んで使用している\n\n---\n\nフィリアノールの教会守りたちが持つ切っ先の平らな薄刃。特殊な投擲武具ＦＰを消費することで敵に向かい導かれるように飛ぶ薄刃の幻影を投じるいまや数少ない教会守りは、教会の槍と共に王女フィリアノールの永い眠りの番人である\n\n---\n\n火薬の詰められた素焼きの壺敵に投げつけ、爆発して炎ダメージを与える物理とは異なる炎属性のダメージは生身の肉体や獣など炎に焼かれ、恐れる敵に効果が高い\n\n---\n\n「火炎壺」に投擲用の紐を付けたもの背後に投げ、爆発して炎ダメージを与える投げる方向以外は火炎壺と変わらない戦闘スタイルや状況に応じ、使い分けるとよいだろう\n\n---\n\n特殊な火薬により威力を増した「火炎壺」敵に投げつけ、爆発して大きな炎ダメージを与える物理とは異なる炎属性のダメージは生身の肉体や獣など炎に焼かれ、恐れる敵に効果が高い\n\n---\n\n「黒火炎壺」に投擲用の紐を付けたもの背後に投げ、爆発して炎ダメージを与える投げる方向以外は黒火炎壺と変わらない戦闘スタイルや状況に応じ、使い分けるとよいだろう\n\n---\n\nロスリック騎士たちの竜狩り道具敵に投げつけ、爆発して雷ダメージを与える竜を友とするロスリック騎士は古くは竜狩りの騎士でもあった故に騎士たちは太陽を信仰し特殊な狩り道具を用いたという\n\n---\n\n乾いた排泄物。大便その割れた内は瑞々しい敵に投げつけ、猛毒を蓄積させるが自分にも猛毒が蓄積していく臭いも強く、あまり持ち歩きたくない類だが不死人は排泄物に懐古を感じるものだろうかいや殆どは、そんなことはないだろう"
"ダークソウル3","その他","ソウル","捨てられた遺体のソウル\n\n---\n\n捨てられた遺体の大きなソウル\n\n---\n\n故も知らぬ旅人のソウル\n\n---\n\n故も知らぬ旅人の大きなソウル\n\n---\n\n名も無き兵士の大きなソウル\n\n---\n\n力尽きた戦士の大きなソウル\n\n---\n\n心折れた騎士の大きなソウル\n\n---\n\n高名な聖騎士の大きなソウル\n\n---\n\n勇敢な勇者の大きなソウル\n\n---\n\n歴戦の勇士の大きなソウル"
"ダークソウル3","その他","ボスソウル","冷たい谷のボルドのソウル\n\n---\n\n深みの主教たちのソウル\n\n---\n\n覇王ウォルニールのソウル\n\n---\n\n法王サリヴァーンのソウル\n\n---\n\nデーモンの老王のソウル\n\n---\n\n妖王オスロエスのソウル\n\n---\n\n修道女フリーデのソウル\n\n---\n\nデーモンの王子のソウル\n\n---\n\n奴隷騎士ゲールのソウル\n\n---\n\n闇喰らいのミディールのソウル"
"ダークソウル3","その他","ツール","呪われた不死人の証最後に休息した篝火か、祭祀場の篝火に戻るがソウルを全て失ってしまうこのリングが現れた者は死んでも蘇り、いつか意志なき亡者となる故に彼らは故郷を追われるのだ\n\n---\n\nもはや役目を終えた篝火の名残篝火と共にあった螺旋剣の破片最後に休息した篝火か、祭祀場の篝火に戻り使用しても失われない篝火はお互い分かち難く繋がっておりたとえ役目を終えた破片であってもその繋がりはずっと残るのだろう\n\n---\n\n真鍮でできた双眼の遠眼鏡遠くの景色が大きく見えるできることは単純だが、使い方はいろいろあり持つ者によってその価値は大きく変わる\n\n---\n\n朽ちぬ古竜の力を宿した石竜信仰の秘儀人頭を竜のそれとし、竜のブレスを吐くまたその変態効果は、死ぬまで解けることはない古竜の道を往く者たちはその完全な似姿を得ようとする竜頭の秘儀はその遥か高みの入り口なのだ\n\n---\n\n奇妙な人面の彫られた古木その由来はまったく伝わっていない地面に投げ落とすと声を発するただそれだけの品…この人面の声は「こんにちは」のようだそう思えば親しげな顔にも見える\n\n---\n\nロザリアの死体に残っていた神秘のオーブ彼女を殺した者の世界に侵入しその者を倒せば、魂を取り戻せるだろう黒い瞳は復讐の証であるというだが、じっとイルシールをみつめる瞳はとても穏やかに見える\n\n---\n\nユーザIDを使用しないで書き込む\n\n---\n\n画像に記載されている文字を下のフォームに入力してください。\n\n---\n\n利用規約をご確認のうえご記入下さい\n\n---\n\nフロムソフト フレーバーテキスト\nフロム・ソフトのフレーバーテキストをまとめる場所"
"ダークソウル3","その他","強化素材","武器を強化する楔石の欠片武器を＋３まで強化するそれは神の原盤から剥がれた薄片であるといわれ武器に刻むことでその武器を強化する\n\n---\n\n武器を強化する光る楔石力を帯びた武器を＋４まで強化する力を帯びた武器は通常の楔石では強化できずまた変質強化もできないただこの光る楔石だけがその力を消さず、武器を強化できるのだ\n\n---\n\nソウルにより変質した楔石ソウル錬成された武器を＋４まで強化するソウル錬成によって生まれた武器たちは同じ力を持った楔石でしか強化できないごく稀に結晶トカゲがソウルを喰らい巨大な体に、このウロコを宿すという\n\n---\n\n楔石が変質化したという貴石ファランの大剣を鍛えて名高い武器の変質強化に使用され重厚な武器を作る重厚な武器は戦士と共にあり特に筋力補正が高くなる\n\n---\n\nユーザIDを使用しないで書き込む\n\n---\n\n画像に記載されている文字を下のフォームに入力してください。\n\n---\n\n利用規約をご確認のうえご記入下さい\n\n---\n\nフロムソフト フレーバーテキスト\nフロム・ソフトのフレーバーテキストをまとめる場所\n\n---\n\n楔石の欠片（英名：Titanite Shard） \n\n説明文英文画像武器を強化する楔石の欠片武器を＋３まで強化するそれは神の原盤から剥がれた薄片であるといわれ武器に刻むことでその武器を強化するTitanite shard for weapon reinforcement.Reinforces weapons to +3.Titanite shards are fragments ofthe Legendary Slabs. Titanite isetched into weapons to reinforce.\n\n---\n\n楔石の大欠片（英名：Large Titanite Shard） \n\n説明文英文画像武器を強化する楔石の欠片その中でも特に大きなもの武器を＋６まで強化するそれは神の原盤から剥がれた薄片であるといわれ武器に刻むことでその武器を強化するTitanite shard for weapon reinforcement.A larger shard that reinforces weapons to +6.Titanite shards are fragments ofthe Legendary Slabs. Titanite isetched into weapons to reinforce."
"ダークソウル3","その他","マルチプレイ専用","ひび割れた赤い瞳のオーブ\n\n---\n\nオンラインプレイ専用アイテム協力する、白い召喚サインを書くサインから他世界に霊体として召喚されそのエリアの最後の戦いに勝利すれば火の力を得ることができる全てが淀んだロスリックの地で火の無き灰たちがお互い助け合うための手段\n\n---\n\n不死の追放者に与えられる決別の証召喚した霊体を元の世界に戻すことができ召喚された他世界から元の世界に戻ることもできるだが、出会いを大切に思うのであれば軽々しくこれを使用するべきではない\n\n---\n\nユーザIDを使用しないで書き込む\n\n---\n\n画像に記載されている文字を下のフォームに入力してください。\n\n---\n\n利用規約をご確認のうえご記入下さい\n\n---\n\nフロムソフト フレーバーテキスト\nフロム・ソフトのフレーバーテキストをまとめる場所\n\n---\n\nDS3マルチプレイ専用\n\n---\n\n白いサインろう石（英名：White Sign Soapstone）\n\n---\n\n説明文英文画像オンラインプレイ専用アイテム協力する、白い召喚サインを書くサインから他世界に霊体として召喚されそのエリアの最後の戦いに勝利すれば火の力を得ることができる全てが淀んだロスリックの地で火の無き灰たちがお互い助け合うための手段Online play item.Create a co-op summon sign.Be summoned to another world as a phantomthrough your sign, and defeat the area bossto gain the strength of flame.The nature of Lothric is murky, unclear.The White Sign Soapstone allows Unkindledto assist one another."
"ダークソウル3","その他","誓約アイテム","フィリアノールの槍飾り\n\n---\n\n「太陽の戦士」の誓約にある者が召喚され、エリア最後の戦いに勝利した証助けられた者もまたこの証を得る太陽のホーリーシンボルが刻まれたメダルはわずかに熱を帯びている分かち合った勝利の、なによりの名誉の証だ\n\n---\n\n古い青教との約定に基づき神の敵たる闇霊を狩った証耳のない死体は恐怖の対象となり人々は暗月の剣と、神の敵たる不敬を知るだろうそれが陰の太陽の永の使命なのだ\n\n---\n\n赤い瞳の侵入者たちが火の宿主を倒した証舌を奪って証しとするやり方は元はある侵入者集団の流儀であったという彼らはそれを、声なき女神に捧げるらしい\n\n---\n\n「積む者」の誓約にある者が他世界の者たちを殺し、見出す特別な骨それは椎骨にひとつだけ見られるもので積む者たちはそれを、神の枷と考えている\n\n---\n\n老狼と共に戦士たちの眠りを守るファランの番人たちが、その使命を果たした証乾いた血の付いた剣草の葉それはかつて不死隊が連絡に用いた符牒であり腐った森に眠る戦士たちの霊が番人にもたらす承認と感謝の証であるという少なくとも番人たちは、そう信じている\n\n---\n\nエルドリッチの神喰らいを待ち続ける神喰らいの守り手たちが、その使命を果たした証人の内にある最も重いもの。人の澱みそれはどんな深みにも沈み故にいつか、世界の枷になるという\n\n---\n\n王女フィリアノールの眠りを守る教会の槍たちが、その使命を果たした証若草の紋章のあしらわれた黄金の飾り布それはかつて、王女の騎士たちの誇りであり特に謳われた、揃いの儀式槍にたなびいたという\n\n---\n\nユーザIDを使用しないで書き込む\n\n---\n\n画像に記載されている文字を下のフォームに入力してください。"
"ダークソウル3","その他","貴重品","王の薪（深淵の監視者）\n\n---\n\n王の薪（エルドリッチ）\n\n---\n\n祭祀場の篝火が失った剣武器としては装備できない祭祀場の篝火に刺すことでその力を取り戻し、篝火間の転送を可能とするその剣は選ばれた灰にしか与えられず審判者は鞘となり灰を待ち続けていた\n\n---\n\nロンドールの儀式剣武器としては装備できない契りの儀式により真の亡者の王が生まれるという伴侶の名はアンリ霊廟の最奥で、王を待っている\n\n---\n\n深淵の監視者たちが残した王の薪王が玉座に戻らぬならばその薪を戻せばよい血を分け誓った深淵の監視者たちの王の資格は、その狼血にこそあった\n\n---\n\n巨人ヨームが残した王の薪王が玉座に戻らぬならばその薪を戻せばよい孤独な巨人は、罪の火を鎮めるため薪の王となった彼を王と呼ぶその声に、心がないと知っていても\n\n---\n\n神喰らいのエルドリッチが残した王の薪王が玉座に戻らぬならばその薪を戻せばよい人喰らいにより王の資格を得たエルドリッチはしかしその玉座に絶望し、神を喰らいはじめた\n\n---\n\n王子ロスリックが残した王の薪王が玉座につかぬならばその薪をつかせればよい資格者を求めたロスリックの血の営みはやがて人を外れ、おぞましい所業と堕した正に火継ぎとは呪いの道であろう\n\n---\n\nクールラントの古い錬成炉結晶トカゲの抜け殻を張り合わせ作られている薪の王ルドレスに渡すことでソウル錬成が可能となるこの炉で異形のソウルを錬成することでその特質を凝固させた特別なアイテムが作られる使い方を誤った者が、それを禁忌と呼ぶのだろう\n\n---\n\n幾つか穴の開いた古い人骨全体に変色している不死街の女遺体が握りしめていたもの女の名をロレッタという"
"ダークソウル3","その他","矢・ボルト","安価な木の矢威力は低いが、大量に使用できる矢は二種類を装備し状況に応じて切り替えられる\n\n---\n\n標準的な矢弓と共に用いられる矢は二種類を装備し状況に応じて切り替えられる\n\n---\n\n大型の矢威力は高いが、重いため飛距離は短い矢は二種類を装備し状況に応じて切り替えられる\n\n---\n\n狩人が用いる赤羽の矢飛距離が長く、遠距離からの狙撃に適する矢は二種類を装備し状況に応じて切り替えられる\n\n---\n\n矢じりに火をつけて撃つ矢炎属性のダメージを与える矢は二種類を装備し状況に応じて切り替えられる\n\n---\n\n矢じりに毒を塗った矢毒を伴うダメージを与えじわじわと敵を死に至らしめる\n\n---\n\n蛮族の狩人が用いるという儀式の矢闇属性のダメージを与えるそれは死を削り出した矢であるという蛮族の言うことはいつでも大袈裟だ\n\n---\n\n暗月の騎士が用いたという魔法の矢銀の光を帯び、魔力ダメージを与えるかつて暗月の神グウィンドリンの手にはこの矢と対になる黄金の弓があったという\n\n---\n\n鉄槍のような大矢神々の鍛冶たる巨人の作大弓でしか射つことができない神代の竜狩りに用いられたという大矢は人のごときは簡単に貫いてしまうだろう\n\n---\n\n雷をまとった鉄槍の大矢神々の鍛冶たる巨人の作大弓でしか射つことができない最古の王グウィンからずっと雷は竜狩りの武器であったという"
"ダークソウル3","その他","その他","何の価値もないゴミクズ何を考えてこんなものを持ち歩いているのか常人であれば理解に苦しむだろう\n\n---\n\nユーザIDを使用しないで書き込む\n\n---\n\n画像に記載されている文字を下のフォームに入力してください。\n\n---\n\n利用規約をご確認のうえご記入下さい\n\n---\n\nフロムソフト フレーバーテキスト\nフロム・ソフトのフレーバーテキストをまとめる場所\n\n---\n\nDS3アイテム_その他\n\n---\n\n名称英名ゴミクズRubbish\n\n\nゴミクズ（英名：Rubbish） \n\n説明文英文画像何の価値もないゴミクズ何を考えてこんなものを持ち歩いているのか常人であれば理解に苦しむだろうRubbish with no value.Who in their right mind would bother carryingthis around? Perhaps you need help.\n\n---\n\n武器\n\n\n短剣 / 直剣\n大剣 / 特大剣\n曲剣 / 刀\n刺剣 / 槍\n斧 / 大斧\n槌 / 大槌\n格闘武器 / 竿状武器\n弓・弩\n盾 / 大盾\n触媒 / タリスマン\nデーモン武器\n\n---\n\nスペル\n\n\n魔法\n奇跡\n\n---\n\nアイテム\n\n\n消耗品\n投擲アイテム\nソウル\nデモンズソウル\n強化素材\n貴重品\n矢・ボルト\nその他"